node_id,window_start,window_end,pdr_mean,pdr_var,pdr_corrected,speed_kmh,is_handoff,kl_divergence,autocorr_peak,rsu_id,packets_received_total,packets_forwarded_total,ground_truth_label,is_attacker,label_multiclass,label_binary
7,0.0,10.0,0.8018,0.0177,0.8037,47.4,0,0.0646,0.03,RSU_02,93,72,BENIGN,0,0,0
7,1.0,11.0,0.9303,0.0291,0.9329,61.7,0,0.0047,0.0534,RSU_02,128,120,BENIGN,0,0,0
7,2.0,12.0,0.9775,0.0307,0.9797,54.3,0,0.0774,0.0929,RSU_02,98,97,BENIGN,0,0,0
7,3.0,13.0,0.9454,0.0061,0.9477,55.8,0,0.0187,0.0266,RSU_02,131,126,BENIGN,0,0,0
7,4.0,14.0,0.9537,0.0125,0.9557,49.4,0,0.004,0.0483,RSU_02,141,137,BENIGN,0,0,0
7,5.0,15.0,0.9138,0.0334,0.9156,45.1,0,0.0532,0.0425,RSU_02,62,59,BENIGN,0,0,0
7,6.0,16.0,0.9514,0.0392,0.9533,47.6,0,0.0528,0.0625,RSU_02,81,77,BENIGN,0,0,0
7,7.0,17.0,0.8195,0.0209,0.8212,40.6,0,0.041,0.0604,RSU_02,82,67,BENIGN,0,0,0
7,8.0,18.0,0.9135,0.0047,0.9156,48.3,0,0.0498,0.0551,RSU_02,139,129,BENIGN,0,0,0
7,9.0,19.0,0.7845,0.0269,0.7865,47.7,0,0.0487,0.0647,RSU_02,71,54,BENIGN,0,0,0
7,10.0,20.0,0.7957,0.0035,0.7976,46.6,0,0.0458,0.0398,RSU_02,79,59,BENIGN,0,0,0
7,11.0,21.0,0.8226,0.0279,0.8244,41.3,0,0.0099,0.0948,RSU_02,58,46,BENIGN,0,0,0
7,12.0,22.0,0.817,0.0101,0.8193,54.3,0,0.0196,0.0311,RSU_02,107,87,BENIGN,0,0,0
7,13.0,23.0,0.9074,0.0394,0.9094,48.9,0,0.0414,0.0426,RSU_02,86,77,BENIGN,0,0,0
7,14.0,24.0,0.9846,0.0374,0.9866,48.8,0,0.0514,0.0019,RSU_02,124,123,BENIGN,0,0,0
7,15.0,25.0,0.8899,0.0298,0.8916,40.9,0,0.0218,0.0939,RSU_02,69,58,BENIGN,0,0,0
7,16.0,26.0,0.9802,0.0307,0.9823,51.1,0,0.016,0.0978,RSU_02,141,137,BENIGN,0,0,0
7,17.0,27.0,0.8729,0.0394,0.8751,51.3,0,0.0048,0.0627,RSU_02,70,58,BENIGN,0,0,0
7,18.0,28.0,0.8626,0.038,0.8652,61.7,0,0.0609,0.0573,RSU_02,72,62,BENIGN,0,0,0
7,19.0,29.0,0.8314,0.0265,0.8339,61.2,0,0.0076,0.0023,RSU_02,104,85,BENIGN,0,0,0
7,20.0,30.0,0.9194,0.0292,0.9215,49.4,0,0.0246,0.0263,RSU_02,110,104,BENIGN,0,0,0
7,21.0,31.0,0.8277,0.025,0.8299,53.9,0,0.0756,0.0082,RSU_02,60,48,BENIGN,0,0,0
7,22.0,32.0,0.8996,0.0203,0.9016,48.7,0,0.0731,0.0769,RSU_02,148,132,BENIGN,0,0,0
7,23.0,33.0,0.7809,0.031,0.7826,42.7,0,0.0025,0.0761,RSU_02,143,111,BENIGN,0,0,0
7,24.0,34.0,0.8833,0.0068,0.8849,38.4,0,0.0538,0.0368,RSU_02,82,71,BENIGN,0,0,0
7,25.0,35.0,0.9286,0.0353,0.9314,67.0,0,0.0222,0.018,RSU_02,126,113,BENIGN,0,0,0
7,26.0,36.0,0.9861,0.0117,0.9877,38.7,0,0.0723,0.0178,RSU_02,131,130,BENIGN,0,0,0
7,27.0,37.0,0.9673,0.0065,0.9691,43.0,0,0.058,0.0445,RSU_02,125,120,BENIGN,0,0,0
7,28.0,38.0,0.8518,0.0252,0.8539,48.6,0,0.001,0.0711,RSU_02,110,91,BENIGN,0,0,0
7,29.0,39.0,0.8349,0.0398,0.8372,53.7,0,0.0125,0.0721,RSU_02,122,102,BENIGN,0,0,0
7,30.0,40.0,0.9199,0.0075,0.9216,41.0,0,0.0529,0.0493,RSU_02,88,82,BENIGN,0,0,0
7,31.0,41.0,0.8979,0.038,0.9,51.6,0,0.0523,0.0958,RSU_02,60,53,BENIGN,0,0,0
7,32.0,42.0,0.9597,0.0109,0.9616,46.0,0,0.0327,0.0726,RSU_02,59,58,BENIGN,0,0,0
7,33.0,43.0,0.838,0.023,0.8399,46.0,0,0.0094,0.0269,RSU_02,90,76,BENIGN,0,0,0
7,34.0,44.0,0.8237,0.0243,0.8257,48.2,0,0.043,0.0164,RSU_02,73,63,BENIGN,0,0,0
7,35.0,45.0,0.8077,0.023,0.8094,40.2,0,0.0274,0.0676,RSU_02,124,102,BENIGN,0,0,0
7,36.0,46.0,0.8329,0.0361,0.8344,36.7,0,0.0613,0.0493,RSU_02,146,122,BENIGN,0,0,0
7,37.0,47.0,0.8942,0.0344,0.8956,33.9,0,0.0693,0.0605,RSU_02,89,80,BENIGN,0,0,0
7,38.0,48.0,0.88,0.0272,0.8825,59.4,0,0.0701,0.0791,RSU_02,52,47,BENIGN,0,0,0
7,39.0,49.0,0.9702,0.0365,0.9722,46.6,0,0.0626,0.021,RSU_02,123,121,BENIGN,0,0,0
7,40.0,50.0,0.9431,0.0221,0.9454,53.0,0,0.0048,0.0706,RSU_02,88,81,BENIGN,0,0,0
7,41.0,51.0,0.9417,0.0301,0.9443,62.6,0,0.0526,0.0998,RSU_02,95,90,BENIGN,0,0,0
7,42.0,52.0,0.876,0.0388,0.8784,57.0,0,0.0026,0.0335,RSU_02,98,87,BENIGN,0,0,0
7,43.0,53.0,0.8384,0.0263,0.8401,41.6,0,0.0657,0.0792,RSU_02,128,105,BENIGN,0,0,0
7,44.0,54.0,0.8427,0.0194,0.844,29.6,0,0.0268,0.0195,RSU_02,114,96,BENIGN,0,0,0
7,45.0,55.0,0.9279,0.0275,0.9303,57.3,0,0.0045,0.011,RSU_02,131,122,BENIGN,0,0,0
7,46.0,56.0,0.821,0.031,0.8228,44.2,0,0.0209,0.0449,RSU_02,65,50,BENIGN,0,0,0
7,47.0,57.0,0.9448,0.0096,0.9473,58.9,0,0.0554,0.073,RSU_02,146,139,BENIGN,0,0,0
7,48.0,58.0,0.8058,0.0068,0.8078,47.4,0,0.0267,0.0414,RSU_02,140,112,BENIGN,0,0,0
7,49.0,59.0,0.9382,0.0316,0.9403,51.2,0,0.035,0.051,RSU_02,143,134,BENIGN,0,0,0
7,50.0,60.0,0.9004,0.0326,0.9023,46.0,0,0.006,0.0621,RSU_02,74,66,BENIGN,0,0,0
7,51.0,61.0,0.8718,0.0082,0.8743,58.6,0,0.0684,0.0045,RSU_02,85,71,BENIGN,0,0,0
7,52.0,62.0,0.968,0.0025,0.9703,55.3,0,0.0673,0.078,RSU_02,140,135,BENIGN,0,0,0
7,53.0,63.0,0.9132,0.017,0.9154,54.2,0,0.0342,0.0547,RSU_02,85,77,BENIGN,0,0,0
7,54.0,64.0,0.8285,0.0388,0.8308,54.0,0,0.0528,0.0197,RSU_02,125,105,BENIGN,0,0,0
7,55.0,65.0,0.8532,0.0378,0.8561,70.3,0,0.0228,0.0156,RSU_02,149,129,BENIGN,0,0,0
7,56.0,66.0,0.8955,0.0155,0.8979,58.1,0,0.0769,0.0433,RSU_02,108,94,BENIGN,0,0,0
7,57.0,67.0,0.8642,0.0064,0.8668,60.5,0,0.0458,0.0547,RSU_02,68,55,BENIGN,0,0,0
7,58.0,68.0,0.881,0.0366,0.8832,53.2,0,0.046,0.0135,RSU_02,104,91,BENIGN,0,0,0
7,59.0,69.0,0.8558,0.0174,0.858,54.0,0,0.0337,0.0285,RSU_02,129,109,BENIGN,0,0,0
7,60.0,70.0,0.8193,0.0392,0.8211,44.6,0,0.0301,0.0616,RSU_02,57,47,BENIGN,0,0,0
7,61.0,71.0,0.97,0.023,0.9724,58.4,0,0.0743,0.0983,RSU_02,95,91,BENIGN,0,0,0
7,62.0,72.0,0.9609,0.0237,0.9634,59.3,0,0.058,0.008,RSU_02,126,121,BENIGN,0,0,0
7,63.0,73.0,0.8377,0.0381,0.8401,57.4,0,0.0612,0.0986,RSU_02,86,70,BENIGN,0,0,0
7,64.0,74.0,0.788,0.0117,0.7905,59.1,0,0.0727,0.0424,RSU_02,146,118,BENIGN,0,0,0
7,65.0,75.0,0.9705,0.0218,0.9729,57.7,0,0.0545,0.0095,RSU_02,113,111,BENIGN,0,0,0
7,66.0,76.0,0.7853,0.037,0.7874,48.8,0,0.0786,0.0354,RSU_02,60,47,BENIGN,0,0,0
7,67.0,77.0,0.8371,0.0189,0.8391,48.2,0,0.0015,0.0052,RSU_02,51,42,BENIGN,0,0,0
7,68.0,78.0,0.9158,0.0354,0.9182,57.9,0,0.0222,0.0832,RSU_02,116,110,BENIGN,0,0,0
7,69.0,79.0,0.9337,0.0115,0.9357,48.8,0,0.0786,0.0685,RSU_02,87,80,BENIGN,0,0,0
7,70.0,80.0,0.9325,0.0081,0.9341,37.6,0,0.0476,0.0021,RSU_02,89,76,BENIGN,0,0,0
7,71.0,81.0,0.985,0.0243,0.9869,45.3,0,0.0116,0.038,RSU_02,50,50,BENIGN,0,0,0
7,72.0,82.0,0.9451,0.032,0.9475,59.1,0,0.0681,0.0267,RSU_02,137,130,BENIGN,0,0,0
7,73.0,83.0,0.9795,0.023,0.9812,39.2,0,0.0675,0.0261,RSU_02,91,91,BENIGN,0,0,0
7,74.0,84.0,0.8247,0.0269,0.8268,50.3,0,0.0094,0.0062,RSU_02,88,69,BENIGN,0,0,0
7,75.0,85.0,0.8511,0.0065,0.8526,35.9,0,0.0323,0.0905,RSU_02,72,59,BENIGN,0,0,0
7,76.0,86.0,0.8474,0.0375,0.8492,43.0,0,0.0342,0.069,RSU_02,110,94,BENIGN,0,0,0
7,77.0,87.0,0.8505,0.0037,0.8524,46.6,0,0.0496,0.0347,RSU_02,112,94,BENIGN,0,0,0
7,78.0,88.0,0.816,0.0045,0.8183,53.5,0,0.0122,0.0247,RSU_02,66,51,BENIGN,0,0,0
7,79.0,89.0,0.7899,0.0344,0.7917,43.1,0,0.0136,0.036,RSU_02,57,48,BENIGN,0,0,0
7,80.0,90.0,0.9222,0.0221,0.9244,52.7,0,0.0762,0.0507,RSU_02,94,84,BENIGN,0,0,0
7,81.0,91.0,0.8461,0.021,0.8481,46.4,0,0.0165,0.0838,RSU_02,149,125,BENIGN,0,0,0
7,82.0,92.0,0.9892,0.0137,0.9915,56.8,0,0.0605,0.0229,RSU_02,112,109,BENIGN,0,0,0
7,83.0,93.0,0.9582,0.0168,0.9606,57.8,0,0.0173,0.0543,RSU_02,136,132,BENIGN,0,0,0
7,84.0,94.0,0.9653,0.0246,0.9668,37.1,0,0.0637,0.0372,RSU_02,91,85,BENIGN,0,0,0
7,85.0,95.0,0.8835,0.0335,0.8854,44.6,0,0.072,0.047,RSU_02,73,60,BENIGN,0,0,0
7,86.0,96.0,0.7942,0.0061,0.7967,60.1,0,0.0118,0.0421,RSU_02,65,53,BENIGN,0,0,0
7,87.0,97.0,0.7946,0.0236,0.7968,51.5,0,0.0093,0.0743,RSU_02,130,105,BENIGN,0,0,0
7,88.0,98.0,0.8446,0.0089,0.8463,40.2,0,0.0376,0.0923,RSU_02,79,67,BENIGN,0,0,0
7,89.0,99.0,0.8465,0.0055,0.8486,51.5,0,0.0266,0.028,RSU_02,123,103,BENIGN,0,0,0
7,90.0,100.0,0.9259,0.0278,0.928,50.5,0,0.0706,0.0296,RSU_02,80,74,BENIGN,0,0,0
7,91.0,101.0,0.8923,0.012,0.8941,42.8,0,0.0621,0.0312,RSU_02,146,131,BENIGN,0,0,0
7,92.0,102.0,0.9588,0.0074,0.9608,46.9,0,0.0084,0.0074,RSU_02,100,94,BENIGN,0,0,0
7,93.0,103.0,0.9496,0.0314,0.9518,55.0,0,0.0104,0.0397,RSU_02,148,138,BENIGN,0,0,0
7,94.0,104.0,0.9798,0.018,0.9818,49.7,0,0.0109,0.0669,RSU_02,146,143,BENIGN,0,0,0
7,95.0,105.0,0.8003,0.0068,0.8026,57.2,0,0.0786,0.0493,RSU_02,51,42,BENIGN,0,0,0
7,96.0,106.0,0.8952,0.0041,0.8972,49.5,0,0.0492,0.0997,RSU_02,53,48,BENIGN,0,0,0
7,97.0,107.0,0.8583,0.036,0.8602,45.8,0,0.0404,0.0447,RSU_02,131,113,BENIGN,0,0,0
7,98.0,108.0,0.8266,0.0322,0.829,58.1,0,0.0235,0.0936,RSU_02,75,62,BENIGN,0,0,0
7,99.0,109.0,0.7876,0.0198,0.7897,49.4,0,0.0172,0.0009,RSU_02,79,59,BENIGN,0,0,0
7,100.0,110.0,0.9017,0.0284,0.903,30.2,0,0.054,0.0394,RSU_02,63,55,BENIGN,0,0,0
7,101.0,111.0,0.8211,0.0037,0.8235,57.5,0,0.0755,0.0743,RSU_02,81,66,BENIGN,0,0,0
7,102.0,112.0,0.8924,0.0285,0.8946,54.4,0,0.0317,0.004,RSU_02,72,63,BENIGN,0,0,0
7,103.0,113.0,0.8967,0.0377,0.8988,50.0,0,0.0727,0.0483,RSU_02,81,74,BENIGN,0,0,0
7,104.0,114.0,0.9527,0.0073,0.9553,62.7,0,0.0268,0.0686,RSU_02,74,72,BENIGN,0,0,0
7,105.0,115.0,0.9793,0.0289,0.9815,53.7,0,0.058,0.0592,RSU_02,64,62,BENIGN,0,0,0
7,106.0,116.0,0.8361,0.0092,0.8376,36.2,0,0.0499,0.0511,RSU_02,52,43,BENIGN,0,0,0
7,107.0,117.0,0.8107,0.0186,0.8128,51.4,0,0.0203,0.0224,RSU_02,145,116,BENIGN,0,0,0
7,108.0,118.0,0.9469,0.0102,0.9488,46.0,0,0.0327,0.0862,RSU_02,85,80,BENIGN,0,0,0
7,109.0,119.0,0.9143,0.0189,0.9168,59.7,0,0.0017,0.0814,RSU_02,61,60,BENIGN,0,0,0
7,110.0,120.0,0.8663,0.0294,0.8691,68.8,0,0.0105,0.0653,RSU_02,132,112,BENIGN,0,0,0
7,111.0,121.0,0.8143,0.0138,0.8164,51.1,0,0.0432,0.0196,RSU_02,145,119,BENIGN,0,0,0
7,112.0,122.0,0.89,0.0162,0.8926,60.9,0,0.0157,0.0615,RSU_02,149,133,BENIGN,0,0,0
7,113.0,123.0,0.9642,0.0346,0.9665,56.0,0,0.0143,0.09,RSU_02,65,58,BENIGN,0,0,0
7,114.0,124.0,0.8915,0.0261,0.8936,51.7,0,0.0042,0.0293,RSU_02,96,84,BENIGN,0,0,0
7,115.0,125.0,0.8429,0.0342,0.8452,55.6,0,0.0405,0.0957,RSU_02,63,50,BENIGN,0,0,0
7,116.0,126.0,0.8763,0.0212,0.8784,49.1,0,0.0644,0.0723,RSU_02,111,98,BENIGN,0,0,0
7,117.0,127.0,0.7821,0.0235,0.7846,60.4,0,0.0693,0.0653,RSU_02,130,100,BENIGN,0,0,0
7,118.0,128.0,0.9826,0.0345,0.9848,51.8,0,0.0652,0.0086,RSU_02,73,72,BENIGN,0,0,0
7,119.0,129.0,0.7996,0.0124,0.8023,63.7,0,0.0617,0.0877,RSU_02,141,113,BENIGN,0,0,0
7,120.0,130.0,0.8589,0.0266,0.8605,37.7,0,0.0287,0.002,RSU_02,93,77,BENIGN,0,0,0
7,121.0,131.0,0.8383,0.0241,0.8399,38.0,0,0.0793,0.0547,RSU_02,114,95,BENIGN,0,0,0
7,122.0,132.0,0.8394,0.0161,0.8414,47.9,0,0.0516,0.0005,RSU_02,135,114,BENIGN,0,0,0
7,123.0,133.0,0.8227,0.0359,0.8246,46.7,0,0.0253,0.0327,RSU_02,141,116,BENIGN,0,0,0
7,124.0,134.0,0.9206,0.0352,0.9232,63.3,0,0.0097,0.0522,RSU_02,122,110,BENIGN,0,0,0
7,125.0,135.0,0.7927,0.0048,0.7945,43.3,1,0.0275,0.0118,RSU_02,92,77,BENIGN,0,0,0
7,126.0,136.0,0.8618,0.0205,0.8641,53.8,0,0.0763,0.0536,RSU_02,149,127,BENIGN,0,0,0
7,127.0,137.0,0.9827,0.0153,0.9846,46.1,0,0.0763,0.0141,RSU_02,118,115,BENIGN,0,0,0
7,128.0,138.0,0.8592,0.0003,0.8611,44.7,0,0.0331,0.0228,RSU_02,118,99,BENIGN,0,0,0
7,129.0,139.0,0.8625,0.0119,0.8647,53.1,0,0.0515,0.0101,RSU_02,97,82,BENIGN,0,0,0
7,130.0,140.0,0.9542,0.0067,0.9566,55.8,0,0.0071,0.0202,RSU_02,60,56,BENIGN,0,0,0
7,131.0,141.0,0.8768,0.0154,0.879,52.0,1,0.0272,0.0332,RSU_02,139,121,BENIGN,0,0,0
7,132.0,142.0,0.844,0.0037,0.8458,44.3,0,0.0091,0.0298,RSU_02,132,108,BENIGN,0,0,0
7,133.0,143.0,0.9655,0.0171,0.9677,52.8,0,0.0137,0.0986,RSU_02,67,63,BENIGN,0,0,0
7,134.0,144.0,0.9798,0.0338,0.9825,64.2,0,0.0664,0.0974,RSU_02,95,95,BENIGN,0,0,0
7,135.0,145.0,0.82,0.0193,0.8221,51.2,0,0.0741,0.0171,RSU_02,134,109,BENIGN,0,0,0
7,136.0,146.0,0.9836,0.0117,0.9853,41.1,0,0.0243,0.0391,RSU_02,131,128,BENIGN,0,0,0
7,137.0,147.0,0.9632,0.0367,0.965,43.6,0,0.0758,0.0273,RSU_02,141,139,BENIGN,0,0,0
7,138.0,148.0,0.7855,0.0283,0.7874,44.0,0,0.0587,0.0789,RSU_02,67,53,BENIGN,0,0,0
7,139.0,149.0,0.9218,0.0038,0.9234,40.5,0,0.015,0.0663,RSU_02,97,90,BENIGN,0,0,0
7,140.0,150.0,0.8172,0.0217,0.8189,42.4,0,0.0766,0.0628,RSU_02,54,46,BENIGN,0,0,0
7,141.0,151.0,0.8172,0.0071,0.8194,51.7,0,0.0687,0.0873,RSU_02,96,82,BENIGN,0,0,0
7,142.0,152.0,0.8567,0.021,0.8578,27.0,0,0.0484,0.0466,RSU_02,139,117,BENIGN,0,0,0
7,143.0,153.0,0.9382,0.0041,0.9405,55.6,0,0.0151,0.0801,RSU_02,68,60,BENIGN,0,0,0
7,144.0,154.0,0.8194,0.0128,0.8215,52.1,0,0.0659,0.0352,RSU_02,122,100,BENIGN,0,0,0
7,145.0,155.0,0.8465,0.0206,0.8486,49.6,0,0.0549,0.0168,RSU_02,77,68,BENIGN,0,0,0
7,146.0,156.0,0.9471,0.0193,0.9496,60.0,0,0.0705,0.0736,RSU_02,81,79,BENIGN,0,0,0
7,147.0,157.0,0.8175,0.0206,0.8201,62.6,0,0.0095,0.0279,RSU_02,118,94,BENIGN,0,0,0
7,148.0,158.0,0.9836,0.0087,0.9857,51.4,0,0.0599,0.0926,RSU_02,59,56,BENIGN,0,0,0
7,149.0,159.0,0.9761,0.0211,0.9784,55.7,0,0.008,0.045,RSU_02,82,79,BENIGN,0,0,0
7,150.0,160.0,0.8812,0.0035,0.8834,52.3,0,0.0642,0.0481,RSU_02,132,112,BENIGN,0,0,0
7,151.0,161.0,0.9714,0.0304,0.9732,45.3,1,0.0086,0.0702,RSU_02,52,52,BENIGN,0,0,0
7,152.0,162.0,0.9825,0.0358,0.9846,49.8,0,0.052,0.0064,RSU_02,82,79,BENIGN,0,0,0
7,153.0,163.0,0.9013,0.0174,0.9032,46.8,0,0.0758,0.0936,RSU_02,106,90,BENIGN,0,0,0
7,154.0,164.0,0.9692,0.028,0.9709,42.2,0,0.0152,0.057,RSU_02,143,139,BENIGN,0,0,0
7,155.0,165.0,0.8769,0.0167,0.8786,41.0,0,0.0214,0.0892,RSU_02,134,116,BENIGN,0,0,0
7,156.0,166.0,0.818,0.0057,0.8199,46.3,0,0.0314,0.0099,RSU_02,145,118,BENIGN,0,0,0
7,157.0,167.0,0.9247,0.0032,0.9267,48.6,0,0.0437,0.0773,RSU_02,145,132,BENIGN,0,0,0
7,158.0,168.0,0.9336,0.0086,0.9355,44.8,0,0.0358,0.0977,RSU_02,131,122,BENIGN,0,0,0
7,159.0,169.0,0.9897,0.0112,0.9922,60.8,0,0.0472,0.0282,RSU_02,61,61,BENIGN,0,0,0
7,160.0,170.0,0.8973,0.0217,0.8987,34.1,0,0.0099,0.044,RSU_02,131,119,BENIGN,0,0,0
7,161.0,171.0,0.9612,0.0262,0.9631,45.0,0,0.008,0.0865,RSU_02,133,124,BENIGN,0,0,0
7,162.0,172.0,0.8805,0.0295,0.8825,47.8,0,0.0704,0.0891,RSU_02,95,86,BENIGN,0,0,0
7,163.0,173.0,0.8121,0.0189,0.8142,50.5,0,0.0075,0.0602,RSU_02,135,107,BENIGN,0,0,0
7,164.0,174.0,0.9192,0.0326,0.921,43.8,0,0.0536,0.0989,RSU_02,132,124,BENIGN,0,0,0
7,165.0,175.0,0.9039,0.0252,0.9053,31.4,0,0.0274,0.0429,RSU_02,105,95,BENIGN,0,0,0
7,166.0,176.0,0.8316,0.0011,0.8338,53.4,0,0.0006,0.0224,RSU_02,129,108,BENIGN,0,0,0
7,167.0,177.0,0.9283,0.0381,0.9303,47.8,0,0.073,0.0057,RSU_02,74,70,BENIGN,0,0,0
7,168.0,178.0,0.8447,0.0342,0.8468,50.6,0,0.0362,0.0998,RSU_02,50,41,BENIGN,0,0,0
7,169.0,179.0,0.9443,0.0021,0.9462,46.9,1,0.0599,0.0053,RSU_02,75,69,BENIGN,0,0,0
7,170.0,180.0,0.8673,0.0321,0.8695,52.9,0,0.0236,0.0266,RSU_02,115,99,BENIGN,0,0,0
7,171.0,181.0,0.9454,0.027,0.9472,41.6,0,0.0329,0.0896,RSU_02,91,85,BENIGN,0,0,0
7,172.0,182.0,0.8873,0.0272,0.8896,53.7,0,0.0331,0.0647,RSU_02,75,67,BENIGN,0,0,0
7,173.0,183.0,0.9036,0.0346,0.9052,38.3,1,0.002,0.0196,RSU_02,96,86,BENIGN,0,0,0
7,174.0,184.0,0.889,0.0327,0.8907,41.7,0,0.0028,0.0349,RSU_02,116,104,BENIGN,0,0,0
7,175.0,185.0,0.9802,0.0115,0.9821,46.7,0,0.039,0.04,RSU_02,139,135,BENIGN,0,0,0
7,176.0,186.0,0.9875,0.0279,0.9896,50.5,0,0.0304,0.0412,RSU_02,85,82,BENIGN,0,0,0
7,177.0,187.0,0.8675,0.0287,0.87,61.4,0,0.0733,0.0921,RSU_02,120,105,BENIGN,0,0,0
7,178.0,188.0,0.806,0.0194,0.8082,53.6,0,0.0128,0.0577,RSU_02,114,96,BENIGN,0,0,0
7,179.0,189.0,0.8038,0.0061,0.8057,45.2,0,0.0792,0.0344,RSU_02,79,63,BENIGN,0,0,0
7,180.0,190.0,0.8168,0.0368,0.819,50.8,0,0.064,0.023,RSU_02,98,79,BENIGN,0,0,0
7,181.0,191.0,0.8029,0.0166,0.8043,33.0,0,0.0342,0.0469,RSU_02,136,108,BENIGN,0,0,0
7,182.0,192.0,0.8165,0.003,0.8185,47.4,0,0.0341,0.022,RSU_02,86,69,BENIGN,0,0,0
7,183.0,193.0,0.7857,0.0387,0.7876,46.3,0,0.0273,0.0695,RSU_02,131,102,BENIGN,0,0,0
7,184.0,194.0,0.8307,0.0397,0.8331,57.2,0,0.0017,0.0217,RSU_02,128,104,BENIGN,0,0,0
7,185.0,195.0,0.9814,0.019,0.9837,54.5,0,0.0777,0.0412,RSU_02,71,67,BENIGN,0,0,0
7,186.0,196.0,0.8991,0.0167,0.9019,67.0,0,0.042,0.0953,RSU_02,99,89,BENIGN,0,0,0
7,187.0,197.0,0.9514,0.0023,0.9537,56.3,0,0.0266,0.0094,RSU_02,58,53,BENIGN,0,0,0
7,188.0,198.0,0.8884,0.0118,0.8901,40.5,0,0.0577,0.0624,RSU_02,129,117,BENIGN,0,0,0
7,189.0,199.0,0.8622,0.0185,0.8639,41.2,0,0.0737,0.036,RSU_02,111,96,BENIGN,0,0,0
7,190.0,200.0,0.9054,0.0163,0.9072,43.6,0,0.0313,0.082,RSU_02,52,46,BENIGN,0,0,0
7,191.0,201.0,0.8666,0.0356,0.869,56.8,0,0.0159,0.0221,RSU_02,134,114,BENIGN,0,0,0
7,192.0,202.0,0.799,0.0105,0.801,48.2,0,0.0609,0.051,RSU_02,95,76,BENIGN,0,0,0
7,193.0,203.0,0.9259,0.0371,0.9283,57.0,0,0.0171,0.0838,RSU_02,119,110,BENIGN,0,0,0
7,194.0,204.0,0.8287,0.027,0.8308,50.0,0,0.0213,0.0389,RSU_02,86,76,BENIGN,0,0,0
7,195.0,205.0,0.8221,0.0043,0.824,44.5,0,0.0166,0.0607,RSU_02,123,101,BENIGN,0,0,0
7,196.0,206.0,0.9814,0.0067,0.9833,47.0,0,0.0535,0.0913,RSU_02,119,119,BENIGN,0,0,0
7,197.0,207.0,0.9087,0.0245,0.9105,44.1,1,0.058,0.0011,RSU_02,131,116,BENIGN,0,0,0
7,198.0,208.0,0.9141,0.0198,0.9159,44.4,0,0.0092,0.0087,RSU_02,128,117,BENIGN,0,0,0
7,199.0,209.0,0.9085,0.0242,0.9105,47.1,0,0.0383,0.0569,RSU_02,110,99,BENIGN,0,0,0
7,200.0,210.0,0.8566,0.0071,0.8588,54.6,0,0.0265,0.0951,RSU_02,118,105,BENIGN,0,0,0
7,201.0,211.0,0.8888,0.0322,0.8909,51.2,0,0.0564,0.0244,RSU_02,103,91,BENIGN,0,0,0
7,202.0,212.0,0.8269,0.0112,0.8284,35.1,0,0.0008,0.0917,RSU_02,118,101,BENIGN,0,0,0
7,203.0,213.0,0.9862,0.0154,0.9885,55.0,0,0.057,0.036,RSU_02,135,135,BENIGN,0,0,0
7,204.0,214.0,0.8337,0.0289,0.8358,48.5,0,0.0216,0.0854,RSU_02,67,53,BENIGN,0,0,0
7,205.0,215.0,0.7964,0.0339,0.7989,60.5,0,0.0478,0.087,RSU_02,136,105,BENIGN,0,0,0
7,206.0,216.0,0.9812,0.034,0.9836,56.5,0,0.0657,0.0469,RSU_02,71,69,BENIGN,0,0,0
7,207.0,217.0,0.8516,0.0274,0.8538,51.6,0,0.0382,0.0081,RSU_02,64,55,BENIGN,0,0,0
7,208.0,218.0,0.941,0.03,0.9428,43.0,0,0.0134,0.0098,RSU_02,109,104,BENIGN,0,0,0
7,209.0,219.0,0.9628,0.0378,0.9646,44.3,0,0.0363,0.008,RSU_02,75,73,BENIGN,0,0,0
7,210.0,220.0,0.9025,0.0049,0.9043,43.5,0,0.0711,0.062,RSU_02,109,96,BENIGN,0,0,0
7,211.0,221.0,0.8885,0.0203,0.8905,48.1,0,0.0181,0.07,RSU_02,52,46,BENIGN,0,0,0
7,212.0,222.0,0.8802,0.0391,0.8821,46.2,0,0.0268,0.0983,RSU_02,56,53,BENIGN,0,0,0
7,213.0,223.0,0.9458,0.032,0.9477,45.8,0,0.0076,0.0822,RSU_02,71,70,BENIGN,0,0,0
7,214.0,224.0,0.8037,0.0258,0.8064,63.1,0,0.0787,0.0601,RSU_02,119,95,BENIGN,0,0,0
7,215.0,225.0,0.8943,0.0167,0.8968,61.2,0,0.0688,0.097,RSU_02,62,56,BENIGN,0,0,0
7,216.0,226.0,0.8659,0.0262,0.8685,60.5,0,0.0216,0.0349,RSU_02,149,129,BENIGN,0,0,0
7,217.0,227.0,0.917,0.0336,0.9193,56.8,0,0.023,0.0637,RSU_02,109,100,BENIGN,0,0,0
7,218.0,228.0,0.8402,0.0241,0.8419,40.7,0,0.0778,0.0954,RSU_02,72,61,BENIGN,0,0,0
7,219.0,229.0,0.8297,0.0106,0.8321,58.7,0,0.0177,0.035,RSU_02,130,107,BENIGN,0,0,0
7,220.0,230.0,0.8341,0.0091,0.8366,59.0,0,0.0007,0.0781,RSU_02,134,112,BENIGN,0,0,0
7,221.0,231.0,0.9514,0.0272,0.9534,48.4,0,0.0123,0.0226,RSU_02,78,72,BENIGN,0,0,0
7,222.0,232.0,0.8307,0.0334,0.8326,46.6,0,0.0376,0.0323,RSU_02,91,74,BENIGN,0,0,0
7,223.0,233.0,0.9737,0.0026,0.9758,50.8,1,0.0751,0.0028,RSU_02,127,127,BENIGN,0,0,0
7,224.0,234.0,0.8301,0.0311,0.8324,53.8,0,0.0713,0.0529,RSU_02,85,76,BENIGN,0,0,0
7,225.0,235.0,0.7916,0.0266,0.7937,50.9,0,0.0389,0.0012,RSU_02,61,47,BENIGN,0,0,0
7,226.0,236.0,0.8454,0.0035,0.8473,46.6,0,0.0608,0.0524,RSU_02,80,67,BENIGN,0,0,0
7,227.0,237.0,0.8568,0.0286,0.8588,47.1,0,0.0503,0.0651,RSU_02,129,110,BENIGN,0,0,0
7,228.0,238.0,0.8051,0.0312,0.8068,40.4,0,0.0609,0.0246,RSU_02,136,113,BENIGN,0,0,0
7,229.0,239.0,0.8604,0.0256,0.8622,44.7,1,0.0072,0.046,RSU_02,149,133,BENIGN,0,0,0
7,230.0,240.0,0.7892,0.0383,0.7914,52.6,0,0.0743,0.0682,RSU_02,59,50,BENIGN,0,0,0
7,231.0,241.0,0.8236,0.0278,0.8255,45.0,0,0.0436,0.0018,RSU_02,124,101,BENIGN,0,0,0
7,232.0,242.0,0.8511,0.0005,0.8533,53.3,0,0.079,0.0612,RSU_02,92,77,BENIGN,0,0,0
7,233.0,243.0,0.9875,0.038,0.9897,51.9,0,0.0588,0.0971,RSU_02,60,58,BENIGN,0,0,0
7,234.0,244.0,0.9842,0.0024,0.9859,41.9,0,0.0685,0.0768,RSU_02,87,83,BENIGN,0,0,0
7,235.0,245.0,0.9029,0.0309,0.905,49.3,0,0.0302,0.016,RSU_02,130,114,BENIGN,0,0,0
7,236.0,246.0,0.9762,0.0366,0.9778,39.7,0,0.011,0.0503,RSU_02,59,55,BENIGN,0,0,0
7,237.0,247.0,0.9265,0.0048,0.9286,51.1,0,0.0389,0.0817,RSU_02,107,98,BENIGN,0,0,0
7,238.0,248.0,0.8907,0.0282,0.8927,48.3,0,0.0298,0.0532,RSU_02,147,130,BENIGN,0,0,0
7,239.0,249.0,0.8056,0.0313,0.808,59.3,0,0.0675,0.0668,RSU_02,65,49,BENIGN,0,0,0
7,240.0,250.0,0.952,0.0114,0.9541,51.8,0,0.0752,0.0914,RSU_02,54,51,BENIGN,0,0,0
7,241.0,251.0,0.8766,0.0231,0.8784,44.7,0,0.0261,0.0575,RSU_02,67,59,BENIGN,0,0,0
7,242.0,252.0,0.9248,0.026,0.9269,50.0,0,0.0718,0.0459,RSU_02,50,45,BENIGN,0,0,0
7,243.0,253.0,0.9248,0.0129,0.9273,61.2,0,0.0119,0.0665,RSU_02,74,70,BENIGN,0,0,0
7,244.0,254.0,0.9057,0.0012,0.9075,44.9,0,0.0792,0.0716,RSU_02,92,77,BENIGN,0,0,0
7,245.0,255.0,0.8598,0.0237,0.8615,39.9,0,0.0537,0.0645,RSU_02,136,119,BENIGN,0,0,0
7,246.0,256.0,0.8951,0.0234,0.8973,54.4,0,0.0173,0.0392,RSU_02,132,115,BENIGN,0,0,0
7,247.0,257.0,0.8859,0.029,0.8879,47.9,0,0.0661,0.0204,RSU_02,71,60,BENIGN,0,0,0
7,248.0,258.0,0.8477,0.0159,0.8501,55.9,0,0.0663,0.0422,RSU_02,142,122,BENIGN,0,0,0
7,249.0,259.0,0.9004,0.0145,0.9021,41.2,0,0.0281,0.0688,RSU_02,96,89,BENIGN,0,0,0
7,250.0,260.0,0.8769,0.038,0.8788,44.9,0,0.0641,0.0206,RSU_02,89,80,BENIGN,0,0,0
7,251.0,261.0,0.8663,0.0032,0.868,42.7,0,0.0503,0.0099,RSU_02,110,93,BENIGN,0,0,0
7,252.0,262.0,0.9142,0.0173,0.9154,28.2,0,0.0329,0.0596,RSU_02,110,106,BENIGN,0,0,0
7,253.0,263.0,0.9391,0.0296,0.9414,55.6,0,0.0683,0.0377,RSU_02,84,76,BENIGN,0,0,0
7,254.0,264.0,0.8208,0.0366,0.8227,45.5,0,0.0326,0.0212,RSU_02,119,98,BENIGN,0,0,0
7,255.0,265.0,0.9495,0.0359,0.9521,61.1,0,0.063,0.0848,RSU_02,60,54,BENIGN,0,0,0
7,256.0,266.0,0.9237,0.0081,0.9259,51.2,0,0.0488,0.0091,RSU_02,119,111,BENIGN,0,0,0
7,257.0,267.0,0.9692,0.0357,0.9709,40.7,0,0.0631,0.0692,RSU_02,115,110,BENIGN,0,0,0
7,258.0,268.0,0.8961,0.0179,0.8983,52.3,0,0.0774,0.0464,RSU_02,114,103,BENIGN,0,0,0
7,259.0,269.0,0.9112,0.0206,0.9137,61.2,0,0.024,0.0644,RSU_02,140,124,BENIGN,0,0,0
7,260.0,270.0,0.877,0.0317,0.8792,52.6,0,0.0129,0.0381,RSU_02,96,84,BENIGN,0,0,0
7,261.0,271.0,0.8216,0.0134,0.8233,42.2,0,0.0637,0.0182,RSU_02,84,66,BENIGN,0,0,0
7,262.0,272.0,0.9618,0.0328,0.9639,50.3,0,0.0228,0.0137,RSU_02,65,61,BENIGN,0,0,0
7,263.0,273.0,0.8087,0.0194,0.8108,49.6,1,0.0166,0.0804,RSU_02,107,86,BENIGN,0,0,0
7,264.0,274.0,0.9038,0.0287,0.9056,43.6,0,0.0297,0.0505,RSU_02,133,124,BENIGN,0,0,0
7,265.0,275.0,0.9276,0.0008,0.9297,50.8,0,0.0536,0.0103,RSU_02,56,49,BENIGN,0,0,0
7,266.0,276.0,0.8891,0.0212,0.8915,56.3,0,0.0566,0.0323,RSU_02,53,49,BENIGN,0,0,0
7,267.0,277.0,0.9781,0.0322,0.9799,43.6,0,0.0749,0.0999,RSU_02,93,89,BENIGN,0,0,0
7,268.0,278.0,0.8778,0.0202,0.88,52.2,0,0.0108,0.042,RSU_02,88,74,BENIGN,0,0,0
7,269.0,279.0,0.9842,0.0003,0.9865,56.0,0,0.0756,0.0548,RSU_02,120,117,BENIGN,0,0,0
7,270.0,280.0,0.8093,0.0051,0.8115,53.8,0,0.0243,0.0162,RSU_02,61,47,BENIGN,0,0,0
7,271.0,281.0,0.961,0.0261,0.9627,41.0,0,0.0095,0.0574,RSU_02,89,86,BENIGN,0,0,0
7,272.0,282.0,0.9359,0.0054,0.9376,39.2,0,0.0381,0.0318,RSU_02,147,135,BENIGN,0,0,0
7,273.0,283.0,0.8248,0.0264,0.8272,58.6,0,0.0267,0.0654,RSU_02,88,69,BENIGN,0,0,0
7,274.0,284.0,0.928,0.0184,0.9304,57.9,0,0.0093,0.0182,RSU_02,74,71,BENIGN,0,0,0
7,275.0,285.0,0.7996,0.0328,0.8018,50.8,0,0.0547,0.0452,RSU_02,74,58,BENIGN,0,0,0
7,276.0,286.0,0.8196,0.0227,0.8216,48.4,0,0.0769,0.0637,RSU_02,93,73,BENIGN,0,0,0
7,277.0,287.0,0.9631,0.0206,0.9654,56.2,0,0.0664,0.0952,RSU_02,100,97,BENIGN,0,0,0
7,278.0,288.0,0.9528,0.0011,0.9554,62.2,0,0.0587,0.0784,RSU_02,120,117,BENIGN,0,0,0
7,279.0,289.0,0.8282,0.0232,0.8307,60.0,0,0.0643,0.0752,RSU_02,111,91,BENIGN,0,0,0
7,280.0,290.0,0.8705,0.0398,0.8728,55.5,0,0.0617,0.0579,RSU_02,143,126,BENIGN,0,0,0
7,281.0,291.0,0.8327,0.0205,0.8351,58.4,0,0.0462,0.0245,RSU_02,142,123,BENIGN,0,0,0
7,282.0,292.0,0.7922,0.0353,0.7947,59.2,0,0.0254,0.0642,RSU_02,110,92,BENIGN,0,0,0
7,283.0,293.0,0.8389,0.021,0.8412,55.7,0,0.0631,0.0432,RSU_02,70,63,BENIGN,0,0,0
7,284.0,294.0,0.8063,0.027,0.8085,51.6,0,0.0166,0.0509,RSU_02,80,63,BENIGN,0,0,0
7,285.0,295.0,0.9154,0.0127,0.9176,53.7,0,0.0089,0.0628,RSU_02,141,128,BENIGN,0,0,0
7,286.0,296.0,0.8672,0.0246,0.8699,66.7,0,0.0207,0.0378,RSU_02,94,79,BENIGN,0,0,0
7,287.0,297.0,0.8248,0.0101,0.8268,46.6,0,0.0519,0.0762,RSU_02,96,80,BENIGN,0,0,0
7,288.0,298.0,0.9313,0.0276,0.9336,54.8,0,0.0552,0.0935,RSU_02,122,113,BENIGN,0,0,0
7,289.0,299.0,0.7865,0.0365,0.7882,41.6,0,0.0059,0.07,RSU_02,123,94,BENIGN,0,0,0
7,290.0,300.0,0.8436,0.0298,0.8457,51.0,0,0.0275,0.0903,RSU_02,66,58,BENIGN,0,0,0
7,291.0,301.0,0.9372,0.0084,0.9393,49.5,0,0.0115,0.0304,RSU_02,98,87,BENIGN,0,0,0
7,292.0,302.0,0.8698,0.0379,0.8711,30.7,0,0.0209,0.0627,RSU_02,111,99,BENIGN,0,0,0
7,293.0,303.0,0.8162,0.0191,0.8181,44.4,0,0.0309,0.0178,RSU_02,94,73,BENIGN,0,0,0
7,294.0,304.0,0.916,0.0283,0.9177,41.2,0,0.0753,0.0087,RSU_02,61,55,BENIGN,0,0,0
7,295.0,305.0,0.8647,0.0319,0.8668,49.9,0,0.0549,0.0986,RSU_02,63,53,BENIGN,0,0,0
7,296.0,306.0,0.9758,0.0122,0.9779,48.9,1,0.0442,0.0318,RSU_02,74,71,BENIGN,0,0,0
7,297.0,307.0,0.984,0.0223,0.986,45.9,0,0.0426,0.0035,RSU_02,134,130,BENIGN,0,0,0
7,298.0,308.0,0.9889,0.0122,0.9906,39.5,0,0.0216,0.0118,RSU_02,109,108,BENIGN,0,0,0
7,299.0,309.0,0.9757,0.0043,0.9778,50.8,0,0.0447,0.0097,RSU_02,107,103,BENIGN,0,0,0
7,300.0,310.0,0.9484,0.0111,0.9505,50.9,0,0.0504,0.0007,RSU_02,89,87,BENIGN,0,0,0
7,301.0,311.0,0.9424,0.0294,0.945,63.3,0,0.0231,0.0686,RSU_02,104,95,BENIGN,0,0,0
7,302.0,312.0,0.872,0.0075,0.8741,51.1,0,0.0111,0.0209,RSU_02,105,91,BENIGN,0,0,0
7,303.0,313.0,0.8985,0.0143,0.9005,47.7,0,0.0728,0.0378,RSU_02,99,90,BENIGN,0,0,0
7,304.0,314.0,0.8302,0.005,0.8328,61.5,0,0.075,0.0802,RSU_02,52,43,BENIGN,0,0,0
7,305.0,315.0,0.7826,0.0312,0.7847,52.3,0,0.0158,0.0728,RSU_02,51,42,BENIGN,0,0,0
7,306.0,316.0,0.881,0.0113,0.8828,43.3,0,0.0795,0.058,RSU_02,106,91,BENIGN,0,0,0
7,307.0,317.0,0.9401,0.0132,0.942,45.9,0,0.0602,0.0372,RSU_02,148,136,BENIGN,0,0,0
7,308.0,318.0,0.798,0.0216,0.8002,53.9,0,0.0728,0.0007,RSU_02,66,52,BENIGN,0,0,0
7,309.0,319.0,0.9276,0.0317,0.9297,50.3,0,0.0734,0.0362,RSU_02,54,48,BENIGN,0,0,0
7,310.0,320.0,0.9501,0.0088,0.9526,60.9,0,0.0008,0.0508,RSU_02,122,113,BENIGN,0,0,0
7,311.0,321.0,0.8161,0.0036,0.8185,59.7,0,0.0568,0.0386,RSU_02,141,113,BENIGN,0,0,0
7,312.0,322.0,0.8076,0.0238,0.809,32.9,0,0.0466,0.08,RSU_02,70,57,BENIGN,0,0,0
7,313.0,323.0,0.8699,0.0386,0.8718,45.2,0,0.0522,0.0783,RSU_02,82,70,BENIGN,0,0,0
7,314.0,324.0,0.9025,0.0137,0.9044,46.1,0,0.0686,0.0989,RSU_02,84,74,BENIGN,0,0,0
7,315.0,325.0,0.9728,0.008,0.9752,57.5,0,0.059,0.0348,RSU_02,86,86,BENIGN,0,0,0
7,316.0,326.0,0.7915,0.0161,0.7939,58.4,0,0.0044,0.0688,RSU_02,126,99,BENIGN,0,0,0
7,317.0,327.0,0.9371,0.0374,0.9394,53.1,0,0.0154,0.05,RSU_02,149,140,BENIGN,0,0,0
7,318.0,328.0,0.9631,0.0279,0.9654,55.6,1,0.0137,0.0026,RSU_02,75,72,BENIGN,0,0,0
7,319.0,329.0,0.8737,0.0375,0.8758,51.5,0,0.037,0.0204,RSU_02,65,58,BENIGN,0,0,0
7,320.0,330.0,0.9128,0.0369,0.9151,54.4,0,0.041,0.0838,RSU_02,82,74,BENIGN,0,0,0
7,321.0,331.0,0.8617,0.0125,0.864,56.7,0,0.0076,0.0585,RSU_02,149,130,BENIGN,0,0,0
7,322.0,332.0,0.8092,0.0205,0.8119,62.9,1,0.0788,0.0877,RSU_02,84,72,BENIGN,0,0,0
7,323.0,333.0,0.9244,0.0316,0.9272,67.1,0,0.002,0.0944,RSU_02,57,56,BENIGN,0,0,0
7,324.0,334.0,0.7934,0.0092,0.7957,56.2,0,0.0463,0.0088,RSU_02,92,72,BENIGN,0,0,0
7,325.0,335.0,0.9234,0.0163,0.9258,57.7,0,0.047,0.0206,RSU_02,110,100,BENIGN,0,0,0
7,326.0,336.0,0.9609,0.0025,0.9628,45.5,0,0.0483,0.0594,RSU_02,51,49,BENIGN,0,0,0
7,327.0,337.0,0.976,0.027,0.9781,51.1,0,0.0023,0.0078,RSU_02,122,118,BENIGN,0,0,0
7,328.0,338.0,0.9502,0.0301,0.9519,41.2,0,0.0197,0.0258,RSU_02,146,139,BENIGN,0,0,0
7,329.0,339.0,0.814,0.0079,0.8159,46.9,0,0.0145,0.0088,RSU_02,135,111,BENIGN,0,0,0
7,330.0,340.0,0.9486,0.004,0.9501,37.0,0,0.0515,0.0722,RSU_02,121,115,BENIGN,0,0,0
7,331.0,341.0,0.9573,0.0359,0.9591,43.3,0,0.0223,0.0023,RSU_02,135,130,BENIGN,0,0,0
7,332.0,342.0,0.8673,0.0151,0.8689,37.5,0,0.0453,0.0079,RSU_02,147,125,BENIGN,0,0,0
7,333.0,343.0,0.7904,0.004,0.7926,52.3,0,0.0259,0.0504,RSU_02,149,119,BENIGN,0,0,0
7,334.0,344.0,0.818,0.0373,0.8204,57.6,0,0.0423,0.0276,RSU_02,143,111,BENIGN,0,0,0
7,335.0,345.0,0.9371,0.0062,0.9391,47.2,0,0.0692,0.096,RSU_02,106,103,BENIGN,0,0,0
7,336.0,346.0,0.9885,0.0272,0.9908,56.2,0,0.0339,0.0677,RSU_02,102,101,BENIGN,0,0,0
7,337.0,347.0,0.9471,0.0062,0.9493,51.1,0,0.0431,0.0767,RSU_02,148,139,BENIGN,0,0,0
7,338.0,348.0,0.8216,0.0044,0.8239,54.9,0,0.0686,0.0108,RSU_02,63,50,BENIGN,0,0,0
7,339.0,349.0,0.8678,0.0219,0.87,53.1,0,0.0133,0.0266,RSU_02,63,51,BENIGN,0,0,0
7,340.0,350.0,0.9577,0.0392,0.9603,62.8,0,0.0096,0.0018,RSU_02,128,119,BENIGN,0,0,0
7,341.0,351.0,0.9725,0.0264,0.9744,45.3,0,0.0032,0.0015,RSU_02,69,64,BENIGN,0,0,0
7,342.0,352.0,0.8461,0.0151,0.8481,48.2,0,0.0263,0.0009,RSU_02,145,118,BENIGN,0,0,0
7,343.0,353.0,0.883,0.0373,0.8849,46.2,0,0.0081,0.0441,RSU_02,52,44,BENIGN,0,0,0
7,344.0,354.0,0.8792,0.0363,0.8815,54.8,0,0.0328,0.0514,RSU_02,119,107,BENIGN,0,0,0
7,345.0,355.0,0.7994,0.0173,0.801,38.6,0,0.0488,0.0119,RSU_02,113,90,BENIGN,0,0,0
7,346.0,356.0,0.9675,0.0277,0.9695,47.1,0,0.0084,0.0408,RSU_02,117,114,BENIGN,0,0,0
7,347.0,357.0,0.9476,0.0128,0.9503,64.9,0,0.0567,0.0991,RSU_02,88,85,BENIGN,0,0,0
7,348.0,358.0,0.9763,0.001,0.9782,44.2,0,0.0174,0.0483,RSU_02,90,89,BENIGN,0,0,0
7,349.0,359.0,0.8576,0.021,0.8592,40.2,0,0.045,0.0601,RSU_02,104,90,BENIGN,0,0,0
7,350.0,360.0,0.8217,0.0296,0.824,56.0,0,0.0224,0.0493,RSU_02,82,65,BENIGN,0,0,0
7,351.0,361.0,0.8551,0.0251,0.8564,32.2,0,0.0711,0.0638,RSU_02,106,90,BENIGN,0,0,0
7,352.0,362.0,0.7906,0.0354,0.7926,48.4,0,0.0469,0.0849,RSU_02,51,45,BENIGN,0,0,0
7,353.0,363.0,0.9119,0.0065,0.9138,44.7,0,0.0412,0.0277,RSU_02,106,99,BENIGN,0,0,0
7,354.0,364.0,0.9097,0.0118,0.9117,46.9,0,0.0762,0.052,RSU_02,68,62,BENIGN,0,0,0
7,355.0,365.0,0.8204,0.0012,0.8225,50.4,0,0.0453,0.0599,RSU_02,64,50,BENIGN,0,0,0
7,356.0,366.0,0.9666,0.0323,0.9688,53.9,0,0.0167,0.0156,RSU_02,94,91,BENIGN,0,0,0
7,357.0,367.0,0.8807,0.0259,0.8831,57.9,0,0.0356,0.0454,RSU_02,72,64,BENIGN,0,0,0
7,358.0,368.0,0.8259,0.0206,0.828,49.4,0,0.0204,0.0202,RSU_02,77,64,BENIGN,0,0,0
7,359.0,369.0,0.7891,0.0354,0.7914,56.2,1,0.0101,0.0002,RSU_02,67,52,BENIGN,0,0,0
7,360.0,370.0,0.9203,0.0203,0.9225,53.4,0,0.0724,0.0056,RSU_02,131,121,BENIGN,0,0,0
7,361.0,371.0,0.9275,0.0271,0.9295,46.5,0,0.0438,0.0698,RSU_02,113,102,BENIGN,0,0,0
7,362.0,372.0,0.8118,0.0172,0.8137,43.8,0,0.0561,0.0691,RSU_02,120,98,BENIGN,0,0,0
7,363.0,373.0,0.9783,0.0137,0.9808,58.2,0,0.0482,0.075,RSU_02,140,134,BENIGN,0,0,0
7,364.0,374.0,0.848,0.0262,0.8494,33.6,0,0.0746,0.0126,RSU_02,106,88,BENIGN,0,0,0
7,365.0,375.0,0.888,0.001,0.8905,58.5,0,0.0085,0.0587,RSU_02,62,55,BENIGN,0,0,0
7,366.0,376.0,0.957,0.0042,0.9592,53.0,0,0.0159,0.0833,RSU_02,122,115,BENIGN,0,0,0
7,367.0,377.0,0.8996,0.0255,0.9017,50.1,0,0.0268,0.0771,RSU_02,59,55,BENIGN,0,0,0
7,368.0,378.0,0.8887,0.0064,0.8912,58.7,0,0.0716,0.0832,RSU_02,143,127,BENIGN,0,0,0
7,369.0,379.0,0.8435,0.0199,0.8457,52.5,0,0.0471,0.0782,RSU_02,72,61,BENIGN,0,0,0
7,370.0,380.0,0.9257,0.023,0.9277,49.2,0,0.0593,0.0063,RSU_02,146,132,BENIGN,0,0,0
7,371.0,381.0,0.7961,0.0233,0.7981,47.4,0,0.0717,0.0555,RSU_02,110,87,BENIGN,0,0,0
7,372.0,382.0,0.8561,0.0294,0.8583,53.5,0,0.0281,0.0305,RSU_02,70,58,BENIGN,0,0,0
7,373.0,383.0,0.9898,0.0131,0.9917,45.1,0,0.0338,0.099,RSU_02,86,86,BENIGN,0,0,0
7,374.0,384.0,0.8291,0.0169,0.8315,58.3,0,0.0561,0.0043,RSU_02,87,71,BENIGN,0,0,0
7,375.0,385.0,0.8409,0.0243,0.8426,39.7,0,0.0403,0.0217,RSU_02,76,62,BENIGN,0,0,0
7,376.0,386.0,0.9092,0.0393,0.9118,61.8,0,0.006,0.049,RSU_02,123,113,BENIGN,0,0,0
7,377.0,387.0,0.8836,0.0029,0.8855,46.1,0,0.0418,0.0019,RSU_02,122,110,BENIGN,0,0,0
7,378.0,388.0,0.8559,0.0073,0.8569,25.5,0,0.0588,0.0199,RSU_02,111,93,BENIGN,0,0,0
7,379.0,389.0,0.8689,0.0269,0.8713,56.8,0,0.0333,0.0821,RSU_02,122,103,BENIGN,0,0,0
7,380.0,390.0,0.8917,0.0027,0.8941,57.9,0,0.0453,0.0355,RSU_02,104,92,BENIGN,0,0,0
7,381.0,391.0,0.9226,0.0044,0.9252,60.1,0,0.0153,0.0631,RSU_02,90,85,BENIGN,0,0,0
7,382.0,392.0,0.8973,0.02,0.8992,45.7,0,0.0213,0.0408,RSU_02,53,48,BENIGN,0,0,0
7,383.0,393.0,0.7871,0.0283,0.7895,58.1,0,0.0684,0.0138,RSU_02,88,69,BENIGN,0,0,0
7,384.0,394.0,0.9868,0.0174,0.989,51.7,0,0.0718,0.0205,RSU_02,61,60,BENIGN,0,0,0
7,385.0,395.0,0.921,0.0133,0.9227,42.2,0,0.0458,0.0299,RSU_02,128,120,BENIGN,0,0,0
7,386.0,396.0,0.9463,0.0248,0.9484,52.4,1,0.0154,0.0215,RSU_02,76,68,BENIGN,0,0,0
7,387.0,397.0,0.9258,0.0356,0.9283,60.7,0,0.0035,0.0417,RSU_02,109,105,BENIGN,0,0,0
7,388.0,398.0,0.793,0.0228,0.7949,47.1,0,0.0516,0.016,RSU_02,83,65,BENIGN,0,0,0
7,389.0,399.0,0.8951,0.0313,0.8975,57.6,0,0.0664,0.0667,RSU_02,79,69,BENIGN,0,0,0
7,390.0,400.0,0.7941,0.0017,0.7964,54.0,0,0.0556,0.0945,RSU_02,127,102,BENIGN,0,0,0
7,391.0,401.0,0.9223,0.0285,0.9244,50.9,0,0.054,0.0947,RSU_02,86,81,BENIGN,0,0,0
7,392.0,402.0,0.8451,0.0332,0.8474,53.5,0,0.0266,0.0794,RSU_02,56,45,BENIGN,0,0,0
7,393.0,403.0,0.9243,0.0369,0.9268,60.0,0,0.0587,0.0961,RSU_02,94,89,BENIGN,0,0,0
7,394.0,404.0,0.7916,0.0143,0.7931,35.9,0,0.0238,0.0387,RSU_02,141,112,BENIGN,0,0,0
7,395.0,405.0,0.9595,0.0209,0.9618,55.2,0,0.0249,0.0449,RSU_02,92,87,BENIGN,0,0,0
7,396.0,406.0,0.8506,0.025,0.8523,42.5,0,0.0309,0.0712,RSU_02,148,123,BENIGN,0,0,0
7,397.0,407.0,0.8624,0.0291,0.8642,44.1,0,0.0174,0.0182,RSU_02,87,70,BENIGN,0,0,0
7,398.0,408.0,0.97,0.006,0.9722,53.1,0,0.0034,0.0399,RSU_02,102,101,BENIGN,0,0,0
7,399.0,409.0,0.7898,0.034,0.7915,40.7,0,0.0758,0.0116,RSU_02,71,56,BENIGN,0,0,0
7,400.0,410.0,0.9233,0.0202,0.9251,41.7,0,0.0761,0.01,RSU_02,129,116,BENIGN,0,0,0
7,401.0,411.0,0.9752,0.0286,0.9769,40.6,0,0.0621,0.0751,RSU_02,82,76,BENIGN,0,0,0
7,402.0,412.0,0.8927,0.0304,0.895,55.7,0,0.0654,0.0337,RSU_02,130,117,BENIGN,0,0,0
7,403.0,413.0,0.8192,0.0037,0.821,45.0,0,0.046,0.0909,RSU_02,53,44,BENIGN,0,0,0
7,404.0,414.0,0.9571,0.035,0.9592,49.8,0,0.0615,0.0843,RSU_02,67,66,BENIGN,0,0,0
7,405.0,415.0,0.8123,0.0073,0.814,41.2,0,0.0703,0.0706,RSU_02,137,109,BENIGN,0,0,0
7,406.0,416.0,0.782,0.0114,0.784,47.3,0,0.0304,0.0092,RSU_02,106,80,BENIGN,0,0,0
7,407.0,417.0,0.9331,0.0334,0.935,45.6,0,0.0388,0.0969,RSU_02,141,131,BENIGN,0,0,0
7,408.0,418.0,0.9293,0.0226,0.9307,33.5,1,0.075,0.0594,RSU_02,149,142,BENIGN,0,0,0
7,409.0,419.0,0.9451,0.0085,0.9469,42.4,0,0.0612,0.0582,RSU_02,60,55,BENIGN,0,0,0
7,410.0,420.0,0.9456,0.0012,0.9479,55.7,0,0.0582,0.0947,RSU_02,99,93,BENIGN,0,0,0
7,411.0,421.0,0.8171,0.0161,0.8196,59.3,0,0.0125,0.0497,RSU_02,104,82,BENIGN,0,0,0
7,412.0,422.0,0.9659,0.0129,0.9679,48.6,0,0.0539,0.0757,RSU_02,83,81,BENIGN,0,0,0
7,413.0,423.0,0.836,0.0389,0.838,49.7,0,0.0402,0.0856,RSU_02,69,55,BENIGN,0,0,0
7,414.0,424.0,0.9046,0.0316,0.9065,46.1,0,0.0679,0.0078,RSU_02,140,129,BENIGN,0,0,0
7,415.0,425.0,0.9519,0.0219,0.954,50.7,0,0.0654,0.0815,RSU_02,58,56,BENIGN,0,0,0
7,416.0,426.0,0.8423,0.0082,0.8442,46.5,0,0.0718,0.0149,RSU_02,118,104,BENIGN,0,0,0
7,417.0,427.0,0.8676,0.039,0.8699,54.3,0,0.0105,0.0391,RSU_02,93,77,BENIGN,0,0,0
7,418.0,428.0,0.979,0.0166,0.9806,39.7,0,0.0274,0.0447,RSU_02,71,71,BENIGN,0,0,0
7,419.0,429.0,0.911,0.0252,0.9129,46.1,0,0.0,0.0921,RSU_02,132,119,BENIGN,0,0,0
7,420.0,430.0,0.8153,0.0327,0.8173,48.8,0,0.0129,0.0326,RSU_02,99,81,BENIGN,0,0,0
7,421.0,431.0,0.8686,0.0369,0.8711,60.0,0,0.0698,0.0591,RSU_02,107,97,BENIGN,0,0,0
7,422.0,432.0,0.8825,0.0293,0.8845,48.2,0,0.0369,0.0126,RSU_02,93,81,BENIGN,0,0,0
7,423.0,433.0,0.8813,0.0277,0.8836,53.5,0,0.0183,0.0076,RSU_02,106,92,BENIGN,0,0,0
7,424.0,434.0,0.8492,0.0195,0.8513,50.5,0,0.0743,0.0471,RSU_02,149,125,BENIGN,0,0,0
7,425.0,435.0,0.9632,0.0037,0.9654,53.5,0,0.0224,0.0132,RSU_02,143,136,BENIGN,0,0,0
7,426.0,436.0,0.8065,0.0119,0.8089,56.3,0,0.0478,0.0845,RSU_02,88,70,BENIGN,0,0,0
7,427.0,437.0,0.9345,0.011,0.9365,48.2,0,0.0022,0.0365,RSU_02,54,51,BENIGN,0,0,0
7,428.0,438.0,0.7955,0.0321,0.7979,56.8,0,0.0447,0.0682,RSU_02,127,102,BENIGN,0,0,0
7,429.0,439.0,0.8753,0.0331,0.877,40.9,0,0.035,0.0217,RSU_02,67,58,BENIGN,0,0,0
7,430.0,440.0,0.8833,0.022,0.8856,53.4,0,0.0192,0.0378,RSU_02,79,72,BENIGN,0,0,0
7,431.0,441.0,0.8626,0.0154,0.8647,49.7,0,0.0229,0.0998,RSU_02,57,44,BENIGN,0,0,0
7,432.0,442.0,0.972,0.0161,0.9737,41.0,0,0.0659,0.025,RSU_02,64,63,BENIGN,0,0,0
7,433.0,443.0,0.8583,0.0164,0.86,40.7,0,0.0568,0.0246,RSU_02,51,41,BENIGN,0,0,0
7,434.0,444.0,0.8081,0.0204,0.8092,26.0,0,0.0188,0.0878,RSU_02,67,52,BENIGN,0,0,0
7,435.0,445.0,0.9131,0.0142,0.9152,49.2,0,0.0013,0.0485,RSU_02,70,63,BENIGN,0,0,0
7,436.0,446.0,0.7945,0.0302,0.7969,57.7,0,0.0468,0.0842,RSU_02,75,63,BENIGN,0,0,0
7,437.0,447.0,0.9179,0.033,0.9197,43.0,0,0.0257,0.0799,RSU_02,117,108,BENIGN,0,0,0
7,438.0,448.0,0.9161,0.0198,0.9185,56.4,0,0.0362,0.0848,RSU_02,79,71,BENIGN,0,0,0
7,439.0,449.0,0.9219,0.0032,0.9238,46.0,0,0.0339,0.0086,RSU_02,109,102,BENIGN,0,0,0
7,440.0,450.0,0.8823,0.007,0.8844,50.2,0,0.0081,0.0313,RSU_02,96,84,BENIGN,0,0,0
7,441.0,451.0,0.8521,0.0337,0.8545,57.7,0,0.0628,0.0983,RSU_02,87,76,BENIGN,0,0,0
7,442.0,452.0,0.9113,0.0068,0.913,42.1,0,0.0693,0.0552,RSU_02,140,122,BENIGN,0,0,0
7,443.0,453.0,0.8277,0.0082,0.8298,50.8,0,0.0562,0.0521,RSU_02,73,55,BENIGN,0,0,0
7,444.0,454.0,0.7806,0.0235,0.7817,26.3,0,0.0485,0.0746,RSU_02,138,105,BENIGN,0,0,0
7,445.0,455.0,0.8507,0.0027,0.8522,34.0,0,0.0642,0.0807,RSU_02,91,75,BENIGN,0,0,0
7,446.0,456.0,0.9643,0.0107,0.9662,45.2,0,0.0497,0.0259,RSU_02,72,68,BENIGN,0,0,0
7,447.0,457.0,0.7826,0.0042,0.7847,50.0,0,0.0251,0.0669,RSU_02,70,54,BENIGN,0,0,0
7,448.0,458.0,0.8258,0.0102,0.8277,46.9,0,0.0059,0.0295,RSU_02,135,112,BENIGN,0,0,0
7,449.0,459.0,0.8757,0.0092,0.878,55.5,0,0.0577,0.097,RSU_02,131,115,BENIGN,0,0,0
7,450.0,460.0,0.7884,0.0032,0.7905,49.4,1,0.0221,0.0304,RSU_02,90,70,BENIGN,0,0,0
7,451.0,461.0,0.8131,0.0251,0.8157,60.8,0,0.0457,0.0154,RSU_02,135,108,BENIGN,0,0,0
7,452.0,462.0,0.8478,0.0223,0.8495,40.6,0,0.0311,0.0259,RSU_02,140,115,BENIGN,0,0,0
7,453.0,463.0,0.8714,0.0094,0.8738,58.4,0,0.0602,0.0737,RSU_02,52,43,BENIGN,0,0,0
7,454.0,464.0,0.9506,0.0055,0.9527,49.7,0,0.0523,0.0476,RSU_02,124,119,BENIGN,0,0,0
7,455.0,465.0,0.9566,0.0271,0.9587,50.2,0,0.0704,0.0887,RSU_02,90,85,BENIGN,0,0,0
7,456.0,466.0,0.7957,0.0223,0.7979,52.3,0,0.0092,0.0027,RSU_02,117,91,BENIGN,0,0,0
7,457.0,467.0,0.797,0.0042,0.7994,56.8,0,0.0692,0.0503,RSU_02,77,64,BENIGN,0,0,0
7,458.0,468.0,0.9463,0.0113,0.9485,53.5,0,0.0231,0.0864,RSU_02,111,105,BENIGN,0,0,0
7,459.0,469.0,0.8259,0.0262,0.828,50.7,0,0.0034,0.0304,RSU_02,117,93,BENIGN,0,0,0
7,460.0,470.0,0.9216,0.02,0.9235,46.3,0,0.0169,0.0341,RSU_02,107,97,BENIGN,0,0,0
7,461.0,471.0,0.8801,0.0042,0.8821,49.1,0,0.0085,0.0964,RSU_02,147,126,BENIGN,0,0,0
7,462.0,472.0,0.8046,0.0119,0.8071,60.7,0,0.0251,0.0596,RSU_02,107,85,BENIGN,0,0,0
7,463.0,473.0,0.9001,0.0276,0.9019,44.8,0,0.0309,0.0848,RSU_02,146,133,BENIGN,0,0,0
7,464.0,474.0,0.7851,0.0052,0.7867,38.2,0,0.0677,0.0732,RSU_02,91,76,BENIGN,0,0,0
7,465.0,475.0,0.9132,0.0074,0.9152,47.1,0,0.0228,0.0916,RSU_02,68,63,BENIGN,0,0,0
7,466.0,476.0,0.9679,0.004,0.9699,48.9,0,0.0493,0.034,RSU_02,130,123,BENIGN,0,0,0
7,467.0,477.0,0.7939,0.0231,0.7954,35.6,0,0.0792,0.0691,RSU_02,123,100,BENIGN,0,0,0
7,468.0,478.0,0.8577,0.0299,0.8595,43.5,0,0.0693,0.0747,RSU_02,114,96,BENIGN,0,0,0
7,469.0,479.0,0.8505,0.0113,0.8529,55.8,0,0.0543,0.0959,RSU_02,108,93,BENIGN,0,0,0
7,470.0,480.0,0.9762,0.0236,0.9784,53.1,0,0.0192,0.0216,RSU_02,105,103,BENIGN,0,0,0
7,471.0,481.0,0.8045,0.0146,0.807,60.6,0,0.0219,0.0198,RSU_02,69,56,BENIGN,0,0,0
7,472.0,482.0,0.9276,0.0213,0.9298,51.9,0,0.0762,0.0881,RSU_02,145,132,BENIGN,0,0,0
7,473.0,483.0,0.8514,0.0043,0.8538,57.1,0,0.0546,0.0136,RSU_02,79,66,BENIGN,0,0,0
7,474.0,484.0,0.9046,0.0269,0.9073,65.7,0,0.0248,0.0687,RSU_02,93,84,BENIGN,0,0,0
7,475.0,485.0,0.8708,0.0324,0.8728,47.1,0,0.0763,0.0327,RSU_02,97,86,BENIGN,0,0,0
7,476.0,486.0,0.8029,0.0147,0.8051,54.4,0,0.044,0.0418,RSU_02,68,55,BENIGN,0,0,0
7,477.0,487.0,0.973,0.0273,0.9751,49.8,0,0.0673,0.0256,RSU_02,112,108,BENIGN,0,0,0
7,478.0,488.0,0.9608,0.0214,0.9629,50.7,0,0.0631,0.0944,RSU_02,71,67,BENIGN,0,0,0
7,479.0,489.0,0.8007,0.0071,0.8025,44.2,0,0.0576,0.0175,RSU_02,65,53,BENIGN,0,0,0
7,480.0,490.0,0.9566,0.0323,0.9591,59.4,0,0.0463,0.0647,RSU_02,54,52,BENIGN,0,0,0
7,481.0,491.0,0.8618,0.0142,0.8634,38.7,0,0.0583,0.0598,RSU_02,141,119,BENIGN,0,0,0
7,482.0,492.0,0.8561,0.015,0.8582,49.8,0,0.0345,0.0016,RSU_02,58,52,BENIGN,0,0,0
7,483.0,493.0,0.8376,0.0039,0.8393,40.0,0,0.0188,0.0357,RSU_02,53,44,BENIGN,0,0,0
7,484.0,494.0,0.9481,0.0337,0.95,46.2,0,0.0155,0.0124,RSU_02,113,105,BENIGN,0,0,0
7,485.0,495.0,0.9229,0.0116,0.9252,55.6,0,0.006,0.0489,RSU_02,65,61,BENIGN,0,0,0
7,486.0,496.0,0.8593,0.0005,0.8617,56.7,0,0.0208,0.0468,RSU_02,119,104,BENIGN,0,0,0
7,487.0,497.0,0.8146,0.0249,0.8169,55.1,0,0.0351,0.0808,RSU_02,119,92,BENIGN,0,0,0
7,488.0,498.0,0.7983,0.0317,0.8003,49.3,0,0.0178,0.0503,RSU_02,144,112,BENIGN,0,0,0
7,489.0,499.0,0.808,0.0231,0.8095,35.0,1,0.0395,0.0364,RSU_02,142,118,BENIGN,0,0,0
7,490.0,500.0,0.8908,0.0191,0.893,53.2,0,0.027,0.0909,RSU_02,95,80,BENIGN,0,0,0
7,491.0,501.0,0.9441,0.0205,0.9468,66.4,0,0.0526,0.0772,RSU_02,137,130,BENIGN,0,0,0
7,492.0,502.0,0.9187,0.0041,0.9211,59.3,0,0.0016,0.0096,RSU_02,81,73,BENIGN,0,0,0
7,493.0,503.0,0.9346,0.0018,0.9367,50.3,0,0.0173,0.0408,RSU_02,88,81,BENIGN,0,0,0
7,494.0,504.0,0.9643,0.0155,0.9667,57.5,0,0.0721,0.0342,RSU_02,50,46,BENIGN,0,0,0
7,495.0,505.0,0.8293,0.0313,0.8323,71.7,0,0.0029,0.049,RSU_02,103,89,BENIGN,0,0,0
7,496.0,506.0,0.7807,0.0106,0.7827,49.1,0,0.04,0.0911,RSU_02,62,48,BENIGN,0,0,0
7,497.0,507.0,0.9109,0.0399,0.9131,53.5,0,0.0789,0.0354,RSU_02,100,89,BENIGN,0,0,0
7,498.0,508.0,0.9888,0.0293,0.9901,32.3,0,0.0311,0.0829,RSU_02,98,95,BENIGN,0,0,0
7,499.0,509.0,0.8319,0.0215,0.8339,46.5,0,0.0233,0.0147,RSU_02,149,125,BENIGN,0,0,0
